{

    "metadata" :
    {
        "formatVersion" : 3.1,
        "sourceFile"    : "Table.obj",
        "generatedBy"   : "OBJConverter",
        "vertices"      : 120,
        "faces"         : 180,
        "normals"       : 156,
        "colors"        : 0,
        "uvs"           : 28,
        "materials"     : 1
    },

    "scale" : 1.000000,

    "materials": [	{
	"DbgColor" : 15658734,
	"DbgIndex" : 0,
	"DbgName" : "table",
	"colorAmbient" : [0.0, 0.0, 0.0],
	"colorDiffuse" : [0.64, 0.64, 0.64],
	"colorSpecular" : [0.1, 0.1, 0.1],
	"illumination" : 2,
	"mapDiffuse" : "chair_d.png",
	"opticalDensity" : 1.0,
	"specularCoef" : 96.078431,
	"transparency" : 1.0,
	"transparent" : true
	}],

    "vertices": [1.415248,1.508083,0.938925,-1.404925,1.505431,0.941809,0.710046,1.507472,0.924389,1.414613,1.508290,0.877895,0.004844,1.506860,0.909852,-0.700349,1.506249,0.895312,-1.405714,1.600161,0.942132,1.414447,1.602813,0.939247,0.709249,1.602201,0.924708,-1.406344,1.600368,0.881090,-0.701146,1.600979,0.895629,1.413818,1.603020,0.878218,-1.405543,1.505638,0.880772,0.004137,1.554329,0.879495,0.004767,1.554122,0.940528,0.004051,1.601590,0.910169,-1.455888,-0.000000,-0.955092,-1.367856,0.000295,-0.954789,-1.413127,0.526954,-0.956463,-1.458398,1.619866,-0.958136,-1.370368,1.620161,-0.957840,-1.458722,1.620250,-0.863409,-1.370690,1.620540,-0.863109,-1.413450,0.527336,-0.861734,-1.456210,0.000383,-0.860359,-1.368181,0.000674,-0.860062,-1.369274,0.527291,-0.908951,-1.457305,0.526999,-0.909251,1.415248,1.508083,-0.938925,-1.404925,1.505431,-0.941810,0.710046,1.507472,-0.924389,1.414613,1.508290,-0.877895,0.004844,1.506860,-0.909852,-0.700349,1.506249,-0.895312,-1.405714,1.600161,-0.942132,1.414447,1.602813,-0.939247,0.709249,1.602201,-0.924708,-1.406344,1.600368,-0.881090,-0.701146,1.600979,-0.895630,1.413818,1.603020,-0.878218,-1.405543,1.505638,-0.880772,0.004137,1.554329,-0.879495,0.004767,1.554122,-0.940528,0.004051,1.601590,-0.910169,1.455888,0.000000,0.955092,1.367856,0.000295,0.954789,1.413127,0.526955,0.956463,1.458398,1.619866,0.958136,1.370368,1.620161,0.957840,1.458722,1.620250,0.863409,1.370690,1.620540,0.863109,1.413450,0.527336,0.861734,1.456210,0.000383,0.860359,1.368181,0.000674,0.860062,1.369274,0.527291,0.908951,1.457305,0.526999,0.909251,-1.455888,0.000000,0.955092,-1.367856,0.000295,0.954789,-1.413127,0.526955,0.956463,-1.458398,1.619866,0.958136,-1.370368,1.620161,0.957840,-1.458722,1.620250,0.863409,-1.370690,1.620540,0.863109,-1.413450,0.527336,0.861734,-1.456210,0.000383,0.860359,-1.368181,0.000674,0.860062,-1.369274,0.527291,0.908951,-1.457305,0.526999,0.909251,1.442883,1.508083,-0.895082,1.445768,1.505431,0.888553,1.428347,1.507472,-0.449073,1.381854,1.508290,-0.894680,1.413810,1.506860,-0.003064,1.399270,1.506249,0.442940,1.446090,1.600161,0.889052,1.443206,1.602813,-0.894575,1.428666,1.602201,-0.448569,1.385048,1.600368,0.889450,1.399588,1.600979,0.443444,1.382177,1.603020,-0.894177,1.384730,1.505638,0.888943,1.383453,1.554329,-0.002617,1.444487,1.554122,-0.003015,1.414127,1.601590,-0.002562,-1.442883,1.508083,-0.895082,-1.445768,1.505431,0.888553,-1.428347,1.507472,-0.449073,-1.381854,1.508290,-0.894680,-1.413810,1.506860,-0.003064,-1.399270,1.506249,0.442940,-1.446090,1.600161,0.889052,-1.443206,1.602813,-0.894575,-1.428666,1.602201,-0.448569,-1.385048,1.600368,0.889450,-1.399588,1.600979,0.443444,-1.382177,1.603020,-0.894177,-1.384730,1.505638,0.888943,-1.383453,1.554329,-0.002617,-1.444487,1.554122,-0.003015,-1.414127,1.601590,-0.002562,1.455888,-0.000000,-0.955092,1.367856,0.000295,-0.954789,1.413127,0.526954,-0.956463,1.458398,1.619866,-0.958136,1.370368,1.620161,-0.957840,1.458722,1.620250,-0.863409,1.370690,1.620540,-0.863109,1.413450,0.527336,-0.861734,1.456210,0.000383,-0.860359,1.368181,0.000674,-0.860062,1.369274,0.527291,-0.908951,1.457305,0.526999,-0.909251,1.500000,1.700000,1.000000,-1.500000,1.700000,1.000000,1.500000,1.700000,-1.000000,-1.500000,1.700000,-1.000000,1.500000,1.590000,1.000000,-1.500000,1.590000,1.000000,1.500000,1.590000,-1.000000,-1.500000,1.590000,-1.000000],

    "morphTargets": [],

    "morphColors": [],